Datetime,Water Level (m)
2025-04-02 06:00:00,-1.3266237
2025-04-02 07:00:00,-0.9243029
2025-04-02 08:00:00,-0.24131203
2025-04-02 09:00:00,0.47364646
2025-04-02 10:00:00,1.0724798
2025-04-02 11:00:00,1.4448162
2025-04-02 12:00:00,1.5154558
2025-04-02 13:00:00,1.2173314
2025-04-02 14:00:00,0.76434565
2025-04-02 15:00:00,0.27068856
2025-04-02 16:00:00,-0.21378398
2025-04-02 17:00:00,-0.68366945
2025-04-02 18:00:00,-1.0901546
2025-04-02 19:00:00,-1.1727405
2025-04-02 20:00:00,-0.67352754
2025-04-02 21:00:00,-0.04027214
2025-04-02 22:00:00,0.53132784
2025-04-02 23:00:00,0.9290438
2025-04-03 00:00:00,1.0674071
2025-04-03 01:00:00,0.85668766
2025-04-03 02:00:00,0.45433706
2025-04-03 03:00:00,0.018835628
2025-04-03 04:00:00,-0.42933935
2025-04-03 05:00:00,-0.85544837
2025-04-03 06:00:00,-1.2435766
2025-04-03 07:00:00,-1.322663
2025-04-03 08:00:00,-0.807299
2025-04-03 09:00:00,-0.119161606
2025-04-03 10:00:00,0.55491066
2025-04-03 11:00:00,1.0898259
2025-04-03 12:00:00,1.4046487
2025-04-03 13:00:00,1.3866581
2025-04-03 14:00:00,1.0475664
2025-04-03 15:00:00,0.604559
2025-04-03 16:00:00,0.13554734
2025-04-03 17:00:00,-0.32044816
2025-04-03 18:00:00,-0.7452925
2025-04-03 19:00:00,-1.0966848
2025-04-03 20:00:00,-1.0918257
2025-04-03 21:00:00,-0.6515318
2025-04-03 22:00:00,-0.10797441
2025-04-03 23:00:00,0.38201758
2025-04-04 00:00:00,0.7261814
2025-04-04 01:00:00,0.840107
2025-04-04 02:00:00,0.6485093
2025-04-04 03:00:00,0.28711215
2025-04-04 04:00:00,-0.10477381
2025-04-04 05:00:00,-0.51320004
2025-04-04 06:00:00,-0.89004785
2025-04-04 07:00:00,-1.204183
2025-04-04 08:00:00,-1.1321418
2025-04-04 09:00:00,-0.6475936
2025-04-04 10:00:00,-0.053989064
2025-04-04 11:00:00,0.51151645
2025-04-04 12:00:00,0.95968705
2025-04-04 13:00:00,1.2273229
2025-04-04 14:00:00,1.2141675
2025-04-04 15:00:00,0.9296981
2025-04-04 16:00:00,0.5301103
2025-04-04 17:00:00,0.10164395
2025-04-04 18:00:00,-0.31412616
2025-04-04 19:00:00,-0.6992729
2025-04-04 20:00:00,-1.0038527
2025-04-04 21:00:00,-1.0538243
2025-04-04 22:00:00,-0.7179538
2025-04-04 23:00:00,-0.25786635
2025-04-05 00:00:00,0.18009876
2025-04-05 01:00:00,0.50358516
2025-04-05 02:00:00,0.6592564
2025-04-05 03:00:00,0.56822705
2025-04-05 04:00:00,0.2858371
2025-04-05 05:00:00,-0.053379513
2025-04-05 06:00:00,-0.39962643
2025-04-05 07:00:00,-0.7230374
2025-04-05 08:00:00,-0.9702499
2025-04-05 09:00:00,-0.9594626
2025-04-05 10:00:00,-0.61007744
2025-04-05 11:00:00,-0.13006864
2025-04-05 12:00:00,0.35446602
2025-04-05 13:00:00,0.76357746
2025-04-05 14:00:00,1.0428764
2025-04-05 15:00:00,1.110965
2025-04-05 16:00:00,0.9269677
2025-04-05 17:00:00,0.5844123
2025-04-05 18:00:00,0.19276963
2025-04-05 19:00:00,-0.18242261
2025-04-05 20:00:00,-0.54620403
2025-04-05 21:00:00,-0.85176915
2025-04-05 22:00:00,-1.0322127
2025-04-05 23:00:00,-0.89979357
2025-04-06 00:00:00,-0.5424543
2025-04-06 01:00:00,-0.15704855
2025-04-06 02:00:00,0.19710152
2025-04-06 03:00:00,0.45072755
2025-04-06 04:00:00,0.55603105
2025-04-06 05:00:00,0.44505507
2025-04-06 06:00:00,0.18212295
2025-04-06 07:00:00,-0.12628035
2025-04-06 08:00:00,-0.42712963
2025-04-06 09:00:00,-0.68548745
2025-04-06 10:00:00,-0.8333051
2025-04-06 11:00:00,-0.7257581
2025-04-06 12:00:00,-0.38105208
2025-04-06 13:00:00,0.03914032
2025-04-06 14:00:00,0.45095167
2025-04-06 15:00:00,0.7897488
2025-04-06 16:00:00,0.9815293
2025-04-06 17:00:00,0.9540665
2025-04-06 18:00:00,0.7087504
2025-04-06 19:00:00,0.35194
2025-04-06 20:00:00,-0.023458349
2025-04-06 21:00:00,-0.39299557
2025-04-06 22:00:00,-0.72969663
2025-04-06 23:00:00,-1.0054393
2025-04-07 00:00:00,-1.1053938
2025-04-07 01:00:00,-0.860088
2025-04-07 02:00:00,-0.45374677
2025-04-07 03:00:00,-0.02995882
2025-04-07 04:00:00,0.3431295
2025-04-07 05:00:00,0.6011405
2025-04-07 06:00:00,0.67278457
2025-04-07 07:00:00,0.50307596
2025-04-07 08:00:00,0.19713263
2025-04-07 09:00:00,-0.13675095
2025-04-07 10:00:00,-0.4603773
2025-04-07 11:00:00,-0.7369009
2025-04-07 12:00:00,-0.87904453
2025-04-07 13:00:00,-0.66811764
2025-04-07 14:00:00,-0.21342747
2025-04-07 15:00:00,0.28606424
2025-04-07 16:00:00,0.71812433
2025-04-07 17:00:00,1.0191485
2025-04-07 18:00:00,1.1225232
2025-04-07 19:00:00,0.9541837
2025-04-07 20:00:00,0.6047261
2025-04-07 21:00:00,0.1958999
2025-04-07 22:00:00,-0.20390254
2025-04-07 23:00:00,-0.6007543
2025-04-08 00:00:00,-0.9378222
2025-04-08 01:00:00,-1.1397007
2025-04-08 02:00:00,-0.92890114
2025-04-08 03:00:00,-0.47119582
2025-04-08 04:00:00,0.031483274
2025-04-08 05:00:00,0.47640646
2025-04-08 06:00:00,0.7894655
